State;Member of Congress;Name;Party;Twitter;Instagram;Facebook
North Carolina 12th District;U.S. Representative;Adams, Alma;D;@RepAdams;@repadams;x
Alabama 4th District;U.S. Representative;Aderholt, Robert;R;@Robert_Aderholt;@robert_aderholt;x
California 31st District;U.S. Representative;Aguilar, Pete;D;@RepPeteAguilar;@rep.peteaguilar;x
Georgia 12th District;U.S. Representative;Allen, Rick;R;@RepRickAllen;@rep_rickallen;x
Texas 32nd District;U.S. Representative;Allred, Colin;D;@RepColinAllred;@repcolinallred;x
Nevada 2nd District;U.S. Representative;Amodei, Mark;R;@MarkAmodeiNV2;@markamodeinv2;x
Maine;U.S. Senator;Angus King;I;@SenAngusKing;@anguskingmaine;x
North Dakota At-Large;U.S. Representative;Armstrong, Kelly;R;@RepArmstrongND;@reparmstrongnd;x
Texas 19th District;U.S. Representative;Arrington, Jodey;R;@JodeyArrington;@repjodeyarrington;x
Massachusetts 4th District;U.S. Representative;Auchincloss, Jake;D;@JakeAuch;@jakeauchincloss;x
Iowa 3rd District;U.S. Representative;Axne, Cynthia;D;@RepCindyAxne;@repcindyaxne;x
Texas 36th District;U.S. Representative;Babin, Brian;R;@RepBrianBabin;;x
Nebraska 2nd District;U.S. Representative;Bacon, Don;R;@RepDonBacon;@repdonbacon;x
Indiana 4th District;U.S. Representative;Baird, James;R;@RepJimBaird;;x
Ohio 12th District;U.S. Representative;Balderson, Troy;R;@RepBalderson;@troy_balderson;x
Wisconsin;U.S. Senator;Baldwin, Tammy;D;@SenatorBaldwin;@senatorbaldwin;x
Indiana 3rd District;U.S. Representative;Banks, Jim;R;@Jim_Banks;@repjimbanks;x
Kentucky 6th District;U.S. Representative;Barr, Andy;R;@RepAndyBarr;@repandybarr;x
California 44th District;U.S. Representative;Barragan, Nanette;D;@Nanette4CA;@repbarragan;x
Wyoming;U.S. Senator;Barrasso, John;R;@SenJohnBarrasso;@senjohnbarrasso;x
California 37th District;U.S. Representative;Bass, Karen;D;@RepKarenBass;@repkarenbass;x
Ohio 3rd District;U.S. Representative;Beatty, Joyce;D;@RepBeatty;@repbeatty;x
Colorado;U.S. Senator;Bennet, Michael;D;@MichaelBennet;@senatorbennet;x
Oregon 2nd District;U.S. Representative;Bentz, Cliff;R;@RepBentz;;x
California 7th District;U.S. Representative;Bera, Ami;D;@RepBera;@repbera;x
Michigan 1st District;U.S. Representative;Bergman, Jack;R;@JackBergman_MI1;@repjackbergman;x
Virginia 8th District;U.S. Representative;Beyer, Don;D;@RepDonBeyer;@repdonbeyer;x
Oklahoma 5th District;U.S. Representative;Bice, Stephanie;R;@stephaniebice;@stephaniebice;x
Arizona 5th District;U.S. Representative;Biggs, Andy;R;@AndyBiggs4AZ;@repandybiggs;x
Florida 12th District;U.S. Representative;Bilirakis, Gus M.;R;@RepGusBilirakis;@gusbilirakis;x
Georgia 2nd District;U.S. Representative;Bishop Jr., Sanford D.;D;@SanfordBishop;@repsanfordbishop;x
North Carolina 9th District;U.S. Representative;Bishop, Dan;R;@jdanbishop;;x
Tennessee;U.S. Senator;Blackburn, Marsha;R;@MarshaBlackburn;@marshablackburn;x
Oregon 3rd District;U.S. Representative;Blumenauer, Earl;D;@repblumenauer;@repblumenauer;x
Connecticut;U.S. Senator;Blumenthal, Richard;D;@SenBlumenthal;@senblumenthal;x
Delaware At-Large;U.S. Representative;Blunt Rochester, Lisa;D;@LisaBRochester;@replbr;x
Missouri;U.S. Senator;Blunt, Roy;R;@RoyBlunt;@royblunt;x
Colorado 3rd District;U.S. Representative;Boebert, Lauren;R;@laurenboebert;@repboebert;x
Oregon 1st District;U.S. Representative;Bonamici, Suzanne;D;@RepBonamici;@repbonamic;x
New Jersey;U.S. Senator;Booker, Cory;D;@CoryBooker;@corybooker;x
Arkansas;U.S. Senator;Boozman, John;R;@JohnBoozman;@johnboozman;x
Illinois 12th District;U.S. Representative;Bost, Mike;R;@RepBost;;x
Georgia 7th District;U.S. Representative;Bourdeaux, Carolyn;D;@RepBourdeaux;@carolyn4congress;x
New York 16th District;U.S. Representative;Bowman, Jamaal;D;@JamaalBowmanNY;@jamaalbowmanny;x
Pennsylvania 2nd District;U.S. Representative;Boyle, Brendan;D;@CongBoyle;@congressmanboyle;x
Texas 8th District;U.S. Representative;Brady, Kevin;R;@RepKevinBrady;@repkevinbrady;x
Indiana;U.S. Senator;Braun, Mike;R;@Braun4Indiana;@senatorbraun;x
Alabama 5th District;U.S. Representative;Brooks, Mo;R;@RepMoBrooks;;x
Maryland 4th District;U.S. Representative;Brown, Anthony;D;@RepAnthonyBrown;@repanthonybrown;x
Ohio;U.S. Senator;Brown, Sherrod;D;@SenSherrodBrown;@sensherrodbrown;x
Ohio 11th District;U.S. Representative;Brown, Shontel;D;@ShontelMBrown;@repshontel;x
California 26th District;U.S. Representative;Brownley, Julia;D;@RepBrownley;;x
Florida 16th District;U.S. Representative;Buchanan, Vern;R;@VernBuchanan;@repvern;x
Colorado 4th District;U.S. Representative;Buck, Ken;R;@RepKenBuck;@repkenbuc;x
Indiana 8th District;U.S. Representative;Bucshon, Larry;R;@RepLarryBucshon;@replarrybucshon;x
North Carolina 13th District;U.S. Representative;Budd, Ted;R;@BuddforCongress;@ted.budd;x
Tennessee 2nd District;U.S. Representative;Burchett, Tim;R;@RepTimBurchett;@reptimburchett;x
Texas 26th District;U.S. Representative;Burgess, Michael;R;@michaelcburgess;@repmichaelburgess;x
North Carolina;U.S. Senator;Burr, Richard;R;@SenatorBurr;@senatorburr;x
Missouri 1st District;U.S. Representative;Bush, Cori;D;@CoriBush;@coribush;x
Illinois 17th District;U.S. Representative;Bustos, Cheri;D;@RepCheri;@repcheri;x
North Carolina 1st District;U.S. Representative;Butterfield, G.K.;D;@GKButterfield;@gkbutterfield;x
California 42nd District;U.S. Representative;Calvert, Ken;R;@KenCalvert;@repkencalvert;x
Florida 3rd District;U.S. Representative;Cammack, Kat;R;@Kat_Cammack;@katforcongress;x
Washington;U.S. Senator;Cantwell, Maria;D;@SenatorCantwell;@senatormariacantwell;x
California 24th District;U.S. Representative;Carbajal, Salud;D;@CarbajalSalud;@repcarbajal;x
California 29th District;U.S. Representative;Cárdenas, Tony;D;@RepCardenas;@RepCardenas;x
Maryland;U.S. Senator;Cardin, Benjamin;D;@SenatorCardin;@senatorcardin;x
Ohio 15th District;U.S. Representative;Carey, Mike;R;@MikeCareyOH15;@careyforcongress;x
Alabama 1st District;U.S. Representative;Carl, Jerry;R;@RepJerryCarl;@repjerrycarl;x
Delaware;U.S. Senator;Carper, Tom;D;@SenatorCarper;@senatorcarper;x
Indiana 7th District;U.S. Representative;Carson, André;D;@RepAndreCarson;@repandrecarson;x
Georgia 1st District;U.S. Representative;Carter, Buddy;R;@RepBuddyCarter;@repbuddycarter;x
Texas 31st District;U.S. Representative;Carter, John;R;@JudgeCarter;@judgecarter;x
Pennsylvania 8th District;U.S. Representative;Cartwright, Matt;D;@RepCartwright;@repmattcartwright;x
Hawaii 1st District;U.S. Representative;Case, Ed;D;@RepEdCase;@repedcase;x
Pennsylvania;U.S. Senator;Casey, Bob Jr.;D;@SenBobCasey;@senbobcasey;x
Louisiana;U.S. Senator;Cassidy, Bill;R;@BillCassidy;;x
Illinois 6th District;U.S. Representative;Casten, Sean;D;@RepCasten;@repseancasten;x
Florida 14th District;U.S. Representative;Castor, Kathy;D;@USRepKCastor;@usrepkathycastor;x
Texas 20th District;U.S. Representative;Castro, Joaquin;D;@JoaquinCastrotx;@joaquincastrotx;x
North Carolina 11th District;U.S. Representative;Cawthorn, Madison;R;@CawthornforNC;@madisoncawthorn;x
Ohio 1st District;U.S. Representative;Chabot, Steve;R;@RepSteveChabot;@repstevechabot;x
Wyoming At-Large;U.S. Representative;Cheney, Liz;R;@Liz_Cheney;@replizcheney;x
Florida 20th District;U.S. Representative;Cherfilus-McCormick, Sheila;D;@CongresswomanSC;@sheilaforcongress;x
California 27th District;U.S. Representative;Chu, Judy;D;@RepJudyChu;@repjudychu;x
Rhode Island 1st District;U.S. Representative;Cicilline, David;D;@RepCicilline;@repdavidcicilline;x
Massachusetts 5th District;U.S. Representative;Clark, Katherine;D;@RepKClark;@repkclark;x
New York 9th District;U.S. Representative;Clarke, Yvette D.;D;@RepYvetteClarke;@repyvetteclarke;x
Missouri 5th District;U.S. Representative;Cleaver, Emanuel;D;@repcleaver;@repcleaver;x
Virginia 6th District;U.S. Representative;Cline, Ben;R;@RepBenCline;@repbencline;x
Texas 27th District;U.S. Representative;Cloud, Michael;R;@RepCloudTX;@michaeljcloud;x
South Carolina 6th District;U.S. Representative;Clyburn, James E.;D;@WhipClyburn;@whipclyburn;x
Georgia 9th District;U.S. Representative;Clyde, Andrew;R;;@repclyde;x
Tennessee 9th District;U.S. Representative;Cohen, Steve;D;@RepCohen;@repcohen;x
Oklahoma 4th District;U.S. Representative;Cole, Tom;R;@TomColeOK04;@tomcoleok04;x
Maine;U.S. Senator;Collins, Susan;R;@SenatorCollins;@sensusancollins;x
Kentucky 1st District;U.S. Representative;Comer, James;R;@JamesComer;@congressmancomer;x
Virginia 11th District;U.S. Representative;Connolly, Gerald E. “Gerry”;D;@GerryConnolly;@connollyforcongress;x
Delaware;U.S. Senator;Coons, Chris;D;@SenCoonsOffice;@senatorchriscoon;x
Tennessee 5th District;U.S. Representative;Cooper, Jim;D;@repjimcooper;@repjimcooper;x
Texas;U.S. Senator;Cornyn, John;R;@JohnCornyn;@johncornyn;x
California 46th Division;U.S. Representative;Correa, Lou;D;@RepLouCorrea;@reploucorrea;x
Nevada;U.S. Senator;Cortez Mastro, Catherine;D;@CatherineForNV;@sencortezmasto;x
California 16th District;U.S. Representative;Costa, Jim;D;@RepJimCosta;@repjimcosta;x
Arkansas;U.S. Senator;Cotton, Tom;R;@SenTomCotton;@tomcottonar;x
Connecticut 2nd District;U.S. Representative;Courtney, Joe;D;@RepJoeCourtney;@repjoecourtney;x
Minnesota 2nd District;U.S. Representative;Craig, Angie;D;@RepAngieCraig;@repangiecrai;x
North Dakota;U.S. Senator;Cramer, Kevin;R;@SenKevinCramer;@senatorkevincramer;x
Idaho;U.S. Senator;Crapo, Mike;R;@MikeCrapo;@mikecrapo;x
Arkansas 1st District;U.S. Representative;Crawford, Rick;R;@RepRickCrawford;@reprickcrawford;x
Texas 2nd District;U.S. Representative;Crenshaw, Dan;R;@RepDanCrenshaw;@dancrenshawtx;x
Florida 13th District;U.S. Representative;Crist, Charlie;D;@CharlieCrist;@charliecris;x
Colorado 6th District;U.S. Representative;Crow, Jason;D;@RepJasonCrow;@repjasoncrow;x
Texas;U.S. Senator;Cruz, Ted;R;@SenTedCruz;@sentedcruz;x
Texas 28th District;U.S. Representative;Cuellar, Henry;D;@RepCuellar;@repcuellar;x
Utah 3rd District;U.S. Representative;Curtis, John R.;R;@RepJohnCurtis;@repjohncurtis;x
Montana;U.S. Senator;Daines, Steve;R;@SteveDaines;@stevedaines;x
Kansas 3rd District;U.S. Representative;Davids, Sharice;D;@sharicedavids;@shariceforcongress;x
Ohio 8th District;U.S. Representative;Davidson, Warren;R;@WarrenDavidson;@instawarrendavidson;x
Illinois 7th District;U.S. Representative;Davis, Danny K.;D;@RepDannyDavis;@repdannydavis;x
Illinois 13th District;U.S. Representative;Davis, Rodney;R;@RodneyDavis;@reprodneydavis;x
Pennsylvania 4th District;U.S. Representative;Dean, Madeleine;D;@RepDean;@repmadeleinedean;x
Oregon 4th District;U.S. Representative;DeFazio, Peter;D;@RepPeterDeFazio;@defazio4oregon;x
Colorado 1st District;U.S. Representative;DeGette, Diana;D;@RepDianaDeGette;@repdianadegette;x
Connecticut 3rd District;U.S. Representative;DeLauro, Rosa L.;D;@rosadelauro;@rosa_delauro;x
Washington 1st District;U.S. Representative;DelBene, Suzan;D;@RepDelBene;@repdelbene;x
New York 19th District;U.S. Representative;Delgado, Antonio;D;@RepDelgado;@repantoniodelgado;x
Florida 10th District;U.S. Representative;Demings, Val;D;@Val_Demings;@chiefvaldemings;x
California 11th District;U.S. Representative;DeSaulnier, Mark;D;@RepDeSaulnier;@repdesaulnier;x
Tennessee 4th District;U.S. Representative;DesJarlais, Scott;R;@DesJarlaisTN04;@desjarlaistn04;x
Florida 22nd District;U.S. Representative;Deutch, Ted;D;@RepTedDeutch;@repteddeutch;x
Florida 25th District;U.S. Representative;Diaz-Balart, Mario;R;@MarioDB;@repmariodb;x
Michigan 12th District;U.S. Representative;Dingell, Debbie;D;@RepDebDingell;@repdingell;x
Texas 35th District;U.S. Representative;Doggett, Lloyd;D;@RepLloydDoggett;@replloyddoggett;x
Florida 19th District;U.S. Representative;Donalds, Bryron;R;@ByronDonalds;@byrondonalds;x
Pennsylvania 18th District;U.S. Representative;Doyle, Michael;D;@USRepMikeDoyle;@usrepmikedoyle;x
South Carolina 3rd District;U.S. Representative;Duncan, Jeff;R;@RepJeffDuncan;@repjeffduncan;x
Florida 2nd District;U.S. Representative;Dunn, Neal;R;@DrNealDunnFL2;@nealdunnforcongress;x
Illinois;U.S. Senator;Durbin, Richard;D;@SenatorDurbin;@durbincampaign;x
Texas 6th District;U.S. Representative;Ellzey, Jake;R;@JakeEllzey;@commanderellzey;x
Minnesota 6th District;U.S. Representative;Emmer, Tom;R;@RepTomEmmer;@reptomemmer;x
Texas 16th District;U.S. Representative;Escobar, Veronica ;D;@RepEscobar;@vgescobar915;x
California 18th District;U.S. Representative;Eshoo, Anna G.;D;@RepAnnaEshoo;@repannaeshoo;x
New York 13th District;U.S. Representative;Espaillat, Adriano;D;@EspaillatNY;@repadrianoespaillat;x
Kansas 4th District;U.S. Representative;Estes, Ron;R;@RepRonEstes;@repronestes;x
Pennsylvania 3rd District;U.S. Representative;Evans, Dwight;D;@RepDwightEvans;@repdwightevans;x
Texas 4th District;U.S. Representative;Fallon, Pat;R;@FallonForTexas;;x
Iowa 4th District;U.S. Representative;Feenstra, Randy;R;@RandyFeenstra;@feenstraforcongress;x
California;U.S. Senator;Feinstein, Dianne;D;@SenFeinstein;;x
Georgia 3rd District;U.S. Representative;Ferguson, Drew;R;@DrewFergusonGA;@repdrewferguson;x
New Mexico 3rd District;U.S. Representative;Fernandez, Teresa Leger;D;@TeresaForNM;@teresafornm;x
Minnesota 7th District;U.S. Representative;Fischbach, Michelle;R;@FischbachMN7;@repfischbach;x
Nebraska;U.S. Senator;Fischer, Deb;R;@SenatorFischer;@senatorfischer;x
Wisconsin 5th District;U.S. Representative;Fitzgerald, Scott;R;@FitzgeraldForWI;;x
Pennsylvania 1st District;U.S. Representative;Fitzpatrick, Brady;R;@RepBrianFitz;@repbrianfitz;x
Tennessee 3rd District;U.S. Representative;Fleischmann, Chuck;R;@RepChuck;@repchuck;x
Texas 7th District;U.S. Representative;Fletcher, Lizzie;D;@RepFletcher;@repfletcher;x
Nebraska 1st District;U.S. Representative;Fortenberry, Jeff;R;@JeffFortenberry;;x
Illinois 11th District;U.S. Representative;Foster, Bill;D;@RepBillFoster;@repbillfoster;x
North Carolina 5th District;U.S. Representative;Foxx, Virginia;R;@virginiafoxx;@repvirginiafoxx;x
Florida 21st District;U.S. Representative;Frankel, Lois;D;@RepLoisFrankel;@reploisfranke;x
Florida 15th District;U.S. Representative;Franklin, Scott;R;@ScottFranklinFL;@repfranklin;x
Idaho 1st District;U.S. Representative;Fulcher, Russ;R;@RepRussFulcher;@reprussfulche;x
Florida 1st District;U.S. Representative;Gaetz, Matt;R;@MattGaetz;@repmattgaetz;x
Wisconsin 8th District;U.S. Representative;Gallagher, Mike;R;@MikeforWI;@repgallagher;x
Arizona 7th District;U.S. Representative;Gallego, Ruben;D;@RepRubenGallego;@reprubengallego;x
California 3rd District;U.S. Representative;Garamendi, John;D;@RepGaramendi;@repgaramendi;x
New York 2nd District;U.S. Representative;Garbarino, Andrew;R;;@garbarinoforcongress;x
Illinois 4th District;U.S. Representative;Garcia, Jesus “Chuy”;D;@RepChuyGarcia;@repchuygarcia;x
California 25th District;U.S. Representative;Garcia, Mike;R;@MikeGarcia2020;@mikegarcia2020;x
Texas 29th District;U.S. Representative;Garcia, Sylvia;D;@RepSylviaGarcia;@repsylviagarcia;x
Ohio 7th District;U.S. Representative;Gibbs, Bob;R;@RepBobGibbs;@repbobgibbs;x
New York;U.S. Senator;Gillibrand, Kirsten;D;@SenGillibrand;@kirstengillibrand;x
Florida 26th District;U.S. Representative;Giménez, Carlos;R;@RepCarlos;@carlosgimenezfl26;x
Texas 1st District;U.S. Representative;Gohmert, Louie;R;@replouiegohmert;@replouiegohmert;x
Maine 2nd District;U.S. Representative;Golden, Jared;D;@RepGolden;;x
California 34th District;U.S. Representative;Gomez, Jimmy;D;@RepJimmyGomez;@jimmygomezca;x
Texas 23rd District;U.S. Representative;Gonzales, Tony;R;@TonyGonzales4TX;@TonyGonzalesForCongress;x
Puerto Rico At-Large;U.S. Representative;Gonzalez-Colon, Jenniffer;R;@Jenniffer2012;@repjenniffer;x
Ohio 16th District;U.S. Representative;Gonzalez, Anthony;R;@RepAGonzalez;@repagonzalez;x
Texas 15th District;U.S. Representative;Gonzalez, Vincente;D;@RepGonzalez;@repvicentegonzalez;x
Virginia 5th District;U.S. Representative;Good, Bob;R;@GoodForCongress;@goodforcongress;x
Texas 5th District;U.S. Representative;Gooden, Lance;R;@Lancegooden;@replancegooden;x
Arizona 4th District;U.S. Representative;Gosar, Paul A.;R;@RepGosar;@repgosar;x
New Jersey 5th District;U.S. Representative;Gottheimer, Josh;D;@JoshGottheimer;@repjoshg;x
South Carolina;U.S. Senator;Graham, Lindsey;R;@LindsayGrahamSC;@lindseygrahamsc;x
Texas 12th District;U.S. Representative;Granger, Kay;R;@RepKayGranger;@repkaygranger;x
Iowa;U.S. Senator;Grassley, Chuck;R;@ChuckGrassley;@senatorchuckgrassley;x
Louisiana 6th District;U.S. Representative;Graves, Garret;R;@RepGarretGraves;@instagravesla;x
Missouri 6th District;U.S. Representative;Graves, Sam;R;@RepSamGraves;@repsamgraves;x
Texas 9th District;U.S. Representative;Green, Al;D;@RepAlGreen;@repalgreen;x
Tennessee 7th District;U.S. Representative;Green, Mark;R;@RepMarkGreen;@drmarkgreen4tn;x
Georgia 14th District;U.S. Representative;Greene, Marjorie Taylor;R;@mtgreenee;@realmarjoriegreene;x
Virginia 9th District;U.S. Representative;Griffith, Morgan;R;@RepMGriffith;@hmorgangriffith;x
Arizona 3rd District;U.S. Representative;Grijalva, Raul;D;@RepRaulGrijalva;@repraulgrijalva;x
Wisconsin 6th District;U.S. Representative;Grothman, Glenn;R;@RepGrothman;@repglenngrothman;x
Mississippi 3rd District;U.S. Representative;Guest, Michael;R;@RepMichaelGuest;@repmichaelguest;x
Kentucky 2nd District;U.S. Representative;Guthrie, S. Brett;R;@RepGuthrie;@repguthrie;x
Minnesota 1st District;U.S. Representative;Hagedorn, Jim;R;@RepHagedorn;@rephagedorn;x
Tennessee;U.S. Senator;Hagerty, Bill;R;@BillHagertyTN;@billhagertyTN;x
California 10th District;U.S. Representative;Harder, Josh;D;@RepJoshHarder;@repjoshharder;x
Maryland 1st District;U.S. Representative;Harris, Andy;R;@RepAndyHarrisMD;@repandyharri;x
Tennessee 1st District;U.S. Representative;Harshbarger, Diana;R;@DHarshbargerTN1;@dianaforcongress;x
Missouri 4th District;U.S. Representative;Hartzler, Vicky;R;@RepHartzler;@rephartzler;x
New Hampshire;U.S. Senator;Hassan, Maggie;D;@Maggie_Hassan;@senatorhassan;x
Missouri;U.S. Senator;Hawley, Josh;R;@HawleyMO;@joshhawleymo;x
Connecticut 5th District;U.S. Representative;Hayes, Jahana;D;@RepJahanaHayes;@repjahanahayes;x
New Mexico;U.S. Senator;Heinrich, Martin;D;@MartinHeinrich;@senatormartinheinrich;x
Oklahoma 1st District;U.S. Representative;Hern, Kevin;R;@RepKevinHern;@kevinrhern;x
New Mexico 2nd District;U.S. Representative;Herrell, Yvette;R;@Yvette4congress;;x
Washington 3rd District;U.S. Representative;Herrera Beutler, Jaime;R;@HerreraBeutler;@herrerabeutler;x
Georgia 10th District;U.S. Representative;Hice, Jody;R;@CongressmanHice;@rep_hice;x
Colorado;U.S. Senator;Hickenlooper, John;D;@SenatorHick;@senatorhick;x
New York 26th District;U.S. Representative;Higgins, Brian;D;@RepBrianHiggins;@repbrianhiggins;x
Louisiana 3rd District;U.S. Representative;Higgins, Clay;R;@CaptClayHIggins;@repclayhiggins;x
Arkansas 2nd District;U.S. Representative;Hill, French;R;@RepFrenchHill;@repfrenchhill;x
Connecticut 4th District;U.S. Representative;Himes, Jim;D;@jahimes;@repjimhimes;x
Iowa 1st District;U.S. Representative;Hinson, Ashley;R;@RepAshleyHinson;@hinsonforhouse;x
Hawaii;U.S. Senator;Hirono, Mazie;D;@maziehirono;@maziehirono;x
North Dakota;U.S. Senator;Hoeven, John;R;@SenJohnHoeven;@senjohnhoeven;x
Indiana 9th District;U.S. Representative;Hollingsworth, Trey;R;@VoteForTrey;@rep_trey;x
Nevada 4th District;U.S. Representative;Horsford, Steven;D;@RepHorsford;@rephorsford;x
Pennsylvania 6th District;U.S. Representative;Houlahan, Chrissy;D;@RepHoulahan;@repchrissyhoulahan;x
Maryland 5th District;U.S. Representative;Hoyer, Steny H.;D;@LeaderHoyer;@leaderhoyer;x
North Carolina 8th District;U.S. Representative;Hudson, Richard;R;@RepRichHudson;@reprichhudson;x
California 2nd District;U.S. Representative;Huffman, Jared;D;@RepHuffman;@rephuffman;x
Michigan 2nd District;U.S. Representative;Huizenga, Bill;R;@RepHuizenga;@rephuizenga;x
Mississippi;U.S. Senator;Hyde-Smith, Cindy;R;@SenHydeSmith;@sencindyhydesmith;x
Oklahoma;U.S. Senator;Inhofe, Jim;R;@InhofePress;@jiminhofe;x
California 50th District;U.S. Representative;Issa, Darrell;R;@DarrellIssa;@darrellissa;x
Texas 18th District;U.S. Representative;Jackson Lee, Sheila;D;@JacksonLeeTX18;@repjacksonlee;x
Texas 13th District;U.S. Representative;Jackson, Ronny;R;@RonnyJacksonTX;@ronny.jacksontx;x
New York 27th District;U.S. Representative;Jacobs, Chris;R;@jacobsny27;;x
California 53rd District;U.S. Representative;Jacobs, Sara;D;@SaraJacobsCA;@sarajacobsca;x
Washington 7th District;U.S. Representative;Jayapal, Pramila;D;@PramilaJayapal;@repvantaylor;x
New York 8th District;U.S. Representative;Jeffries, Hakeem;D;@RepJeffries;@repjeffries;x
Ohio 6th District;U.S. Representative;Johnson, Bill;R;@RepBillJohnson;@billjohnsonministries;x
South Dakota At-Large;U.S. Representative;Johnson, Dusty;R;@RepDustyJohnson;@repdustyjohnson;x
Texas 30th District;U.S. Representative;Johnson, Eddie Bernice;D;@RepEBJ;@repebj;x
Georgia 4th District;U.S. Representative;Johnson, Henry C. “Hank” Jr.;D;@RepHankJohnson;@rephankjohnson;x
Louisiana 4th District;U.S. Representative;Johnson, Mike;R;@RepMikeJohnson;@repmikejohnso;x
Wisconsin;U.S. Senator;Johnson, Ron;R;@SenRonJohnson;@senronjohnson;x
New York 17th District;U.S. Representative;Jones, Mondaire;D;@MondaireJones;@mondairejones;x
Iowa;U.S. Senator;Joni Ernst;R;@SenJoniErnst;@senjoniernst;x
Ohio 4th District;U.S. Representative;Jordan, Jim;R;@Jim_Jordan;;x
Ohio 14th District;U.S. Representative;Joyce, David;R;@RepDaveJoyce;@repdavejoyce;x
Pennsylvania 13th District;U.S. Representative;Joyce, John;R;@RepJohnJoyce;@johnjoycepa13;x
Hawaii 2nd District;U.S. Representative;Kahele, Kai;D;@kaikahele;@kaikahele;x
Virginia;U.S. Senator;Kaine, Tim;D;@timkaine;@timkaine;x
Ohio 9th District;U.S. Representative;Kaptur, Marcy;D;@RepMarcyKaptur;@repmarcykaptur;x
New York 24th District;U.S. Representative;Katko, John;R;@RepJohnKatko;@repjohnkatko;x
Massachusetts 9th District;U.S. Representative;Keating, William;D;@USRepKeating;;x
Pennsylvania 12th District;U.S. Representative;Keller, Fred;R;@RepFredKelle;@repfredkelle;x
Arizona;U.S. Senator;Kelly, Mark;D;@SenMarkKelly;senmarkkelly;
Pennsylvania 16th District;U.S. Representative;Kelly, Mike;R;@MikeKellyforPA;@mikekellyforcongress;x
Illinois 2nd District;U.S. Representative;Kelly, Robin;D;@RepRobinKelly;@reprobinkelly;x
Mississippi 1st District;U.S. Representative;Kelly, Trent;R;@RepTrentKelly;@reptrentkelly;x
Louisiana;U.S. Senator;Kennedy, John;R;@JohnKennedyLA;@senjohnkennedy;x
California 17th District;U.S. Representative;Khanna, Ro;D;@RoKhannaUSA;@reprokhanna;x
Michigan 5th District;U.S. Representative;Kildee, Daniel;D;@RepDanKildee;@repdankildee;x
Washington 6th District;U.S. Representative;Kilmer, Derek;D;@RepDerekKilmer;@repderekkilmer;x
New Jersey 3rd District;U.S. Representative;Kim, Andy;D;@RepAndyKimNJ;@andykimnj;x
California 39th District;U.S. Representative;Kim, Young;R;@YoungKimCA;@youngkimca;x
Wisconsin 3rd District;U.S. Representative;Kind, Ron;D;@RepRonKind;@repronkind;x
Illinois 16th District;U.S. Representative;Kinzinger, Adam;R;@RepKinzinger;;x
Arizona 2nd District;U.S. Representative;Kirkpatrick, Ann;D;@RepKirkPatrick;@RepAnnKirkpatrick;x
Minnesota;U.S. Senator;Klobuchar, Amy;D;@amyklobuchar;@amyklobuchar;x
Illinois 8th District;U.S. Representative;Krishnamoorthi, Raja;D;@RajaForCongress;@congressmanraja;x
New Hampshire 2nd District;U.S. Representative;Kuster, Ann;D;@RepAnnieKuster;@repanniekuster;x
Tennessee 8th District;U.S. Representative;Kustoff, David;R;@DavidKustoff;@repdavidkustoff;x
Illinois 18th District;U.S. Representative;LaHood,Darin;R;@ElectLaHood;;x
California 1st District;U.S. Representative;LaMalfa, Doug;R;@RepLaMalfa;@repdouglamalfa;x
Pennsylvania 17th District;U.S. Representative;Lamb, Conor;D;@RepConorLamb;@conorlamb_pa;x
Colorado 5th District;U.S. Representative;Lamborn, Doug;R;@RepDLamborn;@douglamborn;x
Rhode Island 2nd District;U.S. Representative;Langevin, Jim;D;@jimlangevin;@repdavidcicilline;x
Oklahoma;U.S. Senator;Lankford, James;R;@SenatorLankford;@senatorlankford;x
Washington 2nd District;U.S. Representative;Larsen, Rick;D;@RepRickLarsen;@repricklarsen;x
Connecticut 1st District;U.S. Representative;Larson, John B.;D;@RepJohnLarson;@repjohnblarson;x
Ohio 5th District;U.S. Representative;Latta, Robert E.;R;@boblatta;@boblatta;x
Kansas 2nd District;U.S. Representative;LaTurner, Jake;R;@JakeLaTurner;;x
Michigan 14th District;U.S. Representative;Lawrence, Brenda;D;@RepLawrence;@repbrendalawrence;x
Florida 5th District;U.S. Representative;Lawson, Al;D;@AlLawsonJr;@allawsonjr;x
Vermont;U.S. Senator;Leahy, Patrick;D; @SenatorLeahy;@senatorleahy;x
California 13th District;U.S. Representative;Lee, Barbara;D;@RepBarbaraLee;@repbarbaralee;x
Utah;U.S. Senator;Lee, Mike;R;@SenMikeLee;@senmikelee;x
Nevada 3rd District;U.S. Representative;Lee, Susie;D;@RepSusieLee;@repsusielee;x
Arizona 8th District;U.S. Representative;Lesko, Debbie ;R;@RepDLesko;@replesko;x
Louisiana 5th District;U.S. Representative;Letlow, Julia;R;@jbletlow;@repjulialetlow;x
Michigan 9th District;U.S. Representative;Levin, Andy;D;@RepAndyLevin;@repandylevin;x
California 49th District;U.S. Representative;Levin, Mike;D;@RepMikeLevin;@repmikelevin;x
California 33rd District;U.S. Representative;Lieu, Ted;D;@RepTedLieu;@reptedlieu;x
California 19th District;U.S. Representative;Lofgren, Zoe;D;@RepZoeLofgren;;x
Missouri 7th District;U.S. Representative;Long, Billy;R;@USRepLong;;x
Georgia 11th District;U.S. Representative;Loudermilk, Barry;R;@RepLoudermilk;@reploudermilk;x
California 47th District;U.S. Representative;Lowenthal, Alan;D;@RepLowenthal;@replowenthal;x
Oklahoma 3rd District;U.S. Representative;Lucas, Frank;R;@RepFrankLucas;@repfranklucas;x
Missouri 3rd District;U.S. Representative;Luetkemeyer, Blaine;R;@RepBlaine;@repblaine;x
New Mexico;U.S. Senator;Luján, Ben Ray;D;@SenatorLujan;;x
Wyoming;U.S. Senator;Lummis, Cynthia;R;@SenLummis;@sencynthialummis;x
Virginia 2nd District;U.S. Representative;Luria, Elaine;D;@RepElaineLuria;;x
Massachusetts 8th District;U.S. Representative;Lynch, Stephen F.;D;@RepStephenLynch;@repstephenlynch;x
South Carolina 1st District;U.S. Representative;Mace, Nancy;R;@NancyMace;@nancyrmace;x
New Jersey 7th District;U.S. Representative;Malinowski, Tom;D;@RepMalinowski;@malinowskifornj;x
New York 11th District;U.S. Representative;Malliotakis, Nicole;D;@Nmalliotakis;@nmalliotakis;x
New York 12th District;U.S. Representative;Maloney, Carolyn;D;@RepMaloney;@repmaloney;x
New York 18th District;U.S. Representative;Maloney, Sean Patrick;D;@RepSeanMaloney;@ny18spm;x
West Virginia;U.S. Senator;Manchin, Joe;D;@Sen_JoeManchin;@joemanchin;x
Kansas 1st District;U.S. Representative;Mann, Tracey;R;@TraceyMannKS;;x
North Carolina 6th District;U.S. Representative;Manning, Kathy;D;@KathyManningNC;@kathymanningnc;x
Massachusetts;U.S. Senator;Markey, Edward;D;@SenMarkey;@edmarkey;x
Kansas;U.S. Senator;Marshall, Roger;R;@RogerMarshallMD;@rogermarshallmd;x
Kentucky 4th District;U.S. Representative;Massie, Thomas;R;@RepThomasMassie;@repthomasmassie;x
Florida 18th District;U.S. Representative;Mast, Brian;R;@BrianMastFL;@brianmastfl;x
California 6th District;U.S. Representative;Matsui, Doris O.;D;@DorisMatsui;@repdorismatsui;x
Georgia 6th District;U.S. Representative;McBath, Lucy;D;@RepLucyMcBath;@replucymcbath;x
California 23rd District;U.S. Representative;McCarthy, Kevin;R;@GOPLeader;@repkevinmccarthy;x
Texas 10th District;U.S. Representative;McCaul, Michael T.;R;@RepMcCaul;@congressman_mccau;x
Michigan 10th District;U.S. Representative;McClain, Lisa;R;@LisaForCongress;@lisamcclainforcongress;x
California 4th District;U.S. Representative;McClintock, Tom;R;@RepMcClintock;;x
Minnesota 4th District;U.S. Representative;McCollum, Betty;D;@BettyMcCollum04;@repbettymccollum;x
Kentucky;U.S. Senator;McConnell, Mitch;R;@McConnellPress;@mcconnellpress;x
Virginia 4th District;U.S. Representative;McEacchin, Donald;R;@Donald_McEachin;@repmceachin;x
Massachusetts 2nd District;U.S. Representative;McGovern, James;D;@RepMcGovern;@repmcgovern;x
North Carolina 10th District;U.S. Representative;McHenry, Patrick T.;R;@PatrickMcHenry;@reppatrickmchenry;x
West Virginia 1st District;U.S. Representative;McKinley, David;R;@RepMcKinley;;x
Washington 5th District;U.S. Representative;McMorris Rodgers, Cathy;R;@cathymcmorris;@cathymcmorris;x
California 9th District;U.S. Representative;McNerney, Jerry;D;@RepMcNerney;;x
New York 5th District;U.S. Representative;Meeks, Gregory W.;D;@RepGregoryMeeks;@repgregorymeeks;x
Michigan 3rd District;U.S. Representative;Meijer, Peter;R;@VoteMeijer;@votemeijer;x
New Jersey;U.S. Senator;Menendez, Robert;D;@SenatorMenendez;@senatormenendez;x
New York 6th District;U.S. Representative;Meng, Grace;D;@RepGraceMeng;@grace4ny;x
Oregon;U.S. Senator;Merkley, Jeff;D;@SenJeffMerkley;@senjeffmerkley;x
Pennsylvania 9th District;U.S. Representative;Meuser, Daniel;R;@RepMeuser;@repmeuser;x
Maryland 7th District;U.S. Representative;Mfume, Kweisi;D;@Mfume4Congress;@mfumeforcongress;x
Iowa 2nd District;U.S. Representative;Miller-Meeks, Mariannette;R;@RepMMM;@millermeeks;x
West Virginia 3rd District;U.S. Representative;Miller, Carol;R;@RepCarolMiller;@repcarolmiller;x
Illinois 15th District;U.S. Representative;Miller, Mary;R;@RepMaryMiller;@MaryMillerForCongress;x
Michigan 4th District;U.S. Representative;Moolenaar, John;R;@RepMoolenaar;@repmoolenaar;x
West Virginia 2nd District;U.S. Representative;Mooney, Alex;R;@RepAlexMooney;@repalexmooney;x
West Virginia;U.S. Senator;Moore Capito, Shelley;R;@SenCapito;@sencapito;x
Alabama 2nd District;U.S. Representative;Moore, Barry;R;@RepBarryMoore;@barrymooreforcongress;x
Utah 1st District;U.S. Representative;Moore, Blake;R;@RepBlakeMoore;;x
Wisconsin 4th District;U.S. Representative;Moore, Gwen;D;@RepGwenMoore;@repgwenmoore;x
Kansas;U.S. Senator;Moran, Jerry;R;@JerryMoran;;x
New York 25th District;U.S. Representative;Morelle, Joseph;D;@RepJoeMorelle;@repjoemorelle;x
Massachusetts 6th District;U.S. Representative;Moulton, Seth;D;@teammoulton;@repmoulton;x
Indiana 1st District;U.S. Representative;Mrvan, Frank;D;@RepMrvan;;x
Oklahoma 2nd District;U.S. Representative;Mullin, Markwayne;R;@RepMullin;@markwaynemullin;x
Alaska;U.S. Senator;Murkowski, Lisa;R;@lisamurkowski;@senlisamurkowski;x
Connecticut;U.S. Senator;Murphy, Chris;D;@ChrisMurphyCT;@chrismurphyct;x
North Carolina 3rd District;U.S. Representative;Murphy, Greg;R;@RepGregMurphy;;x
Florida 7th District;U.S. Representative;Murphy, Stephanie;D;@SMurphyCongress;@repstephmurphy;x
Washington;U.S. Senator;Murray, Patty;D;@PattyMurray;@senpattymurray;x
New York 10th District;U.S. Representative;Nadler, Jerrold;D;@RepJerryNadler;@repjerrynadler;x
California 32nd District;U.S. Representative;Napolitano, Grace;D;@gracenapolitano;@repgracenapolitano;x
Massachusetts 1st District;U.S. Representative;Neal, Richard E.;D;@RepRichardNeal;;x
Colorado 2nd District;U.S. Representative;Neguse, Joe;R;@RepJoeNeguse;@Rep. Joe Neguse;x
Texas 22nd District;U.S. Representative;Nehls, Troy;R;@SheriffTNehls;;x
Washington 4th District;U.S. Representative;Newhouse, Dan;R;@RepNewhouse;@repnewhouse;x
Illinois 3rd District;U.S. Representative;Newman, Marie;D;@RepMarieNewman;@repmarienewman;x
New Jersey 1st District;U.S. Representative;Norcross, Donald;D;@DonNorcross4NJ;@donald_norcross;x
South Carolina 5th District;U.S. Representative;Norman, Ralph;R;@RepRalphNorman;@repralphnorman;x
District of Columbia At-Large;U.S. Representative;Norton, Eleanor Holmes;D;@EleanorNorton;@congresswomannorton;x
Arizona 1st District;U.S. Representative;O'Halleran, Tom;D;@TomOHalleran;@repohalleran;x
California 8th District;U.S. Representative;Obernolte, Jay;R;@JayObernolte;@repjayobernolte;x
New York 14th District;U.S. Representative;Ocasio-Cortez, Alexandria;D;@RepAOC;@aoc;x
Minnesota 5th District;U.S. Representative;Omar, Ilhan;D;@IlhanMN;@ilhanmn;x
Georgia;U.S. Senator;Ossoff, Jon;D;@ossoff;@jonossoff;x
Utah 4th District;U.S. Representative;Owens, Burgess;R;@BurgessOwens;@burgessowens;x
California;U.S. Senator;Padilla, Alex;D;@KamalaHarris;@kamalaharris;x
Mississippi 4th District;U.S. Representative;Palazzo, Steven;R;@CongPalazzo;@congressmanpalazzo;x
New Jersey 6th District;U.S. Representative;Pallone Jr., Frank;D;@FrankPallone;@repfrankpallone;x
Alabama 6th District;U.S. Representative;Palmer, Gary;R;@USRepGaryPalmer;@repgarypalmer;x
California 20th District;U.S. Representative;Panetta, Jimmy;D;@JimmyPanetta;@repjimmypanetta;x
New Hampshire 1st District;U.S. Representative;Pappas, Chris;D;@RepChrisPappas;@repchrispappas;x
New Jersey 9th District;U.S. Representative;Pascrell Jr., Bill;D;@BillPascrell;@billpascrell;x
Kentucky;U.S. Senator;Paul, Rand;R;@RandPaul;@drrandpaul;x
New Jersey 10th District;U.S. Representative;Payne Jr., Donald;D;@RepDonaldPayne;@repdonaldpaynejr;x
California 12th District;U.S. Representative;Pelosi, Nancy;D;@SpeakerPelosi;@speakerpelosi;x
Indiana 6th District;U.S. Representative;Pence, Greg;R;@RepGregPence;@repgregpence;x
Colorado 7th District;U.S. Representative;Perlmutter, Ed;D;@RepPerlmutter;@ed4colorado;x
Pennsylvania 10th District;U.S. Representative;Perry, Scott;R;@RepScottPerry;@repscottperry;x
Michigan;U.S. Senator;Peters, Gary;D;@SenGaryPeters;@sengarypeters;x
California 52nd District;U.S. Representative;Peters, Scott;D;@RepScottPeters;@repscottpeters;x
Texas 11th District;U.S. Representative;Pfluger, August;R;@AugustPfluger;@augustpflugertx;x
Minnesota 3rd District;U.S. Representative;Phillips, Dean;D;@RepDeanPhillips;@repdeanphillips;x
Maine 1st District;U.S. Representative;Pingree, Chellie;D;@chelliepingree;@chelliepingre;x
Virgin Islands At-Large;U.S. Representative;Plaskett, Stacey;D;@StaceyPlaskett;@stacey_plaskett;x
Wisconsin 2nd District;U.S. Representative;Pocan, Mark;D;@repmarkpocan;@repmarkpocan;x
California 45th District;U.S. Representative;Porter, Katie;D;@RepKatiePorter;@repkatieporte;x
Ohio;U.S. Senator;Portman, Rob;R;@senrobportman;@senrobportman;x
Florida 8th District;U.S. Representative;Posey, Bill;R;@congbillposey;;x
Massachusetts 7th District;U.S. Representative;Pressley, Ayanna;D;@RepPressley;@ayannapressley;x
North Carolina 4th District;U.S. Representative;Price, David;D;@RepDavidEPrice;@repdavideprice;x
Illinois 5th District;U.S. Representative;Quigley, Mike;D;@RepMikeQuigley;@repmikequigley;x
American Samoa At-Large;U.S. Representative;Radewagen, Amata;R;@RepAmata;@repamata;x
Maryland 8th District;U.S. Representative;Raskin, Jamie;D;@Jamie_Raskin;@repraskin;x
Rhode Island;U.S. Senator;Reed, Jack;D;@SenJackReed;;x
New York 23rd District;U.S. Representative;Reed, Tom;R;@RepTomReed;@reptomreed;x
Pennsylvania 14th District;U.S. Representative;Reschenthaler, Guy;R;@GReschenthaler;@guyreschenthaler;x
New York 4th District;U.S. Representative;Rice, Kathleen;D;@RepKathleenRice;@repkathleenrice;x
South Carolina 7th District;U.S. Representative;Rice, Tom;R;@RepTomRice;@reptomrice;x
Louisiana 2nd District;U.S. Representative;Richmond, Cedric;D;@RepRichmond;@cedric_richmond;x
Idaho;U.S. Senator;Risch, Jim;R;@SenatorRisch;;x
Kentucky 5th District;U.S. Representative;Rogers, Harold;R;@RepHalRogers;@rephalrogers;x
Alabama 3rd District;U.S. Representative;Rogers, Mike;R;@RepMikeRogers;@repmikerogersal;x
Utah;U.S. Senator;Romney, Mitt;R;@SenatorRomney;@mittromney;x
Tennessee 6th District;U.S. Representative;Rose, John W.;R;@RepJohnRose;@repjohnrose;x
Nevada;U.S. Senator;Rosen, Jacky;D;@SenJackyRosen;@senjackyrosen;x
Montana At-Large;U.S. Representative;Rosendale, Matt;R;@MattForMontana;@mattformontana;x
North Carolina 2nd District;U.S. Representative;Ross, Deborah K.;D;@DeborahRossNC;@deborahrossnc;x
South Dakota;U.S. Senator;Rounds, Mike;R;@SenatorRounds;;x
North Carolina 7th District;U.S. Representative;Rouzer, David;R;@RepDavidRouzer;@repdavidrouzer;x
Texas 21st District;U.S. Representative;Roy, Chip;R;@RepChipRoy;@chiproytx;x
California 40th District;U.S. Representative;Roybal-Allard, Lucille;D;@RepRoybalAllard;@reproybalallard;x
Florida;U.S. Senator;Rubio, Marco;R;@marcorubio;@marcorubiofla;x
California 36th District;U.S. Representative;Ruiz, Raul;D;@RepRaulRuizMD;@RepRaulRuizMD;x
Maryland 2nd District;U.S. Representative;Ruppersberger, C. A. Dutch;D;@Call_Me_Dutch;@dutchruppersberger;x
Illinois 1st District;U.S. Representative;Rush, Bobby L.;D;@RepBobbyRush;@repbobbyrush;x
Florida 4th District;U.S. Representative;Rutherford, John;R;@JRutherfordFL;@reprutherfordfl;x
Ohio 13th District;U.S. Representative;Ryan, Tim;D;@RepTimRyan;@reptimryan;x
Northern Mariana Islands At-Large;U.S. Representative;Sablan, Gregorio;D;@Kilili_Sablan;@kilili_sablan;x
Florida 27th District;U.S. Representative;Salazar, Maria Elvira;R;@MaElviraSalazar;@maelvirasalazar;x
Guam At-Large;U.S. Representative;San Nicolas, Michael F.Q.;D;@GuamCongressman;@michael.fq.san.nicolas;x
California 38th District;U.S. Representative;Sánchez, Linda;D;@RepLindaSanchez;@replindasanchez;x
Vermont;U.S. Senator;Sanders, Bernie;I;@SenSanders;@berniesanders;x
Maryland 3rd District;U.S. Representative;Sarbanes, John P.;D;@RepSarbanes;@johnsarbanes;x
Nebraska;U.S. Senator;Sasse, Ben;R;@SenSasse;@senatorsasse;x
Louisiana 1st District;U.S. Representative;Scalise, Steve;R;@SteveScalise;@stevescalise;x
Pennsylvania 5th District;U.S. Representative;Scanlon, Mary-Gay;D;@RepMGS;@repmgs;x
Illinois 9th District;U.S. Representative;Schakowsky, Jan;D;@janschakowsky;@janschakowsky;x
Hawaii;U.S. Senator;Schatz, Brian;D;@SenBrianSchatz;@senbrianschatz;x
California 28th District;U.S. Representative;Schiff, Adam;D;@RepAdamSchiff;@repadamschiff;x
Illinois 10th District;U.S. Representative;Schneider, Bradley;D;@RepSchneider;@repschneider;x
Oregon 5th District;U.S. Representative;Schrader, Kurt;D;@RepSchrader;;x
Washington 8th District;U.S. Representative;Schrier, Kim;D;@RepKimSchrier;@repkimschrier;x
New York;U.S. Senator;Schumer, Chuck;D;@SenSchumer;@chuckschumer;x
Arizona 6th District;U.S. Representative;Schweikert, David;R;@RepDavid;@repdavid;x
Georgia 8th District;U.S. Representative;Scott, Austin;R;@AustinScottGA08;;x
Georgia 13th District;U.S. Representative;Scott, David;D;@repdavidscott;@repdavidscott;x
Florida;U.S. Senator;Scott, Rick;R;@ScottforFlorida;@scottforflorida;x
Virginia 3rd District;U.S. Representative;Scott, Robert C.;D;@BobbyScott;@repbobbyscott;x
South Carolina;U.S. Senator;Scott, Tim;R;@SenatorTimScott;@senatortimscott;x
Texas 17th District;U.S. Representative;Sessions, Pete;R;@SessionsTX17;;x
Alabama 7th District;U.S. Representative;Sewell, Terri A.;D;@RepTerriSewell;@repterriasewell;x
New Hampshire;U.S. Senator;Shaheen, Jeanne;D;@SenatorShaheen;@senatorshaheen;x
Alabama;U.S. Senator;Shelby, Richard;R;@SenShelby;@senatorshelby;x
California 30th District;U.S. Representative;Sherman, Brad;D;@BradSherman;@congressmansherman;x
New Jersey 11th District;U.S. Representative;Sherrill, Mikie;D;@RepSherrill;@repsherrill;x
Idaho 2nd District;U.S. Representative;Simpson, Mike;R;@CongMikeSimpson;;x
Arizona;U.S. Senator;Sinema, Kyrsten;D;@SenatorSinema;@senatorsinema;x
New Jersey 8th District;U.S. Representative;Sires, Albio;D;@RepSires;@repsires;x
Michigan 8th District;U.S. Representative;Slotkin, Elissa;D;@RepSlotkin;@repslotkin;x
Washington 9th District;U.S. Representative;Smith, Adam;D;@RepAdamSmith;@repadamsmith;x
Nebraska 3rd District;U.S. Representative;Smith, Adrian;R;@RepAdrianSmith;@repadriansmith;x
New Jersey 4th District;U.S. Representative;Smith, Chris;R;@RepChrisSmith;@repchrissmith;x
Missouri 8th District;U.S. Representative;Smith, Jason;R;@RepJasonSmith;@repjasonsmith;x
Minnesota;U.S. Senator;Smith, Tina;D;@SenTinaSmith;@tinasmithmn;x
Pennsylvania 11th District;U.S. Representative;Smucker, Lloyd;R;@RepLloyd;@rep.smucker;x
Florida 9th District;U.S. Representative;Soto, Darren;D;@RepDarrenSoto;@repdarrensoto;x
Virginia 7th District;U.S. Representative;Spanberger, Abigail;D;@RepSpanberger;@abigailspanberger;x
Indiana 5th District;U.S. Representative;Spartz, Victoria;R;@Victoria_Spartz;@Spartzforcongress;x
California 14th District;U.S. Representative;Speier, Jackie;D;@RepSpeier;@jackiespeier;x
Michigan;U.S. Senator;Stabenow, Debbie;D;@SenStabenow;@senatordebbiestabenow;x
New Mexico 1st District;U.S. Representative;Stansbury, Melanie;D;@Rep_Stansbury;@repstansbury;x
Arizona 9th District;U.S. Representative;Stanton, Greg;D;@RepGregStanton;@repgregstanton;x
Minnesota 8th District;U.S. Representative;Stauber, Pete;R;@RepPeteStauber;@petestaubermn;x
California 48th District;U.S. Representative;Steel, Michelle;R;@MichelleSteelCA;@michellesteelca;x
New York 21st District;U.S. Representative;Stefanik, Elise;R;@RepStefanik;@elisestefanik;x
Wisconsin 1st District;U.S. Representative;Steil, Bryan;D;@RepBryanSteil;@repbryansteil;x
Florida 17th District;U.S. Representative;Steube, W. Gregory;R;@RepGregSteube;@repgregsteube;x
Michigan 11th District;U.S. Representative;Stevens, Haley;D;@RepHaleyStevens;@rephaleystevens;x
Utah 2nd District;U.S. Representative;Stewart, Chris;R;@RepChrisStewart;@repchrisstewart;x
Washington 10th District;U.S. Representative;Strickland, Marilyn;D;@StricklandforWA;@stricklandforwa;x
Alaska;U.S. Senator;Sullivan, Dan;R;@SenDanSullivan;@sen_dansullivan;x
New York 3rd District;U.S. Representative;Suozzi, Tom;D;@Tom_Suozzi;@reptomsuozzi;x
California 15th District;U.S. Representative;Swalwell, Eric;D;@RepSwalwell;@repswalwell;x
California 41st District;U.S. Representative;Takano, Mark;D;@RepMarkTakano;@repmarktakano;x
Illinois;U.S. Senator;Tammy Duckwort;D;@SenDuckworth;@senduckworth;x
Texas 3rd District;U.S. Representative;Taylor, Van;R;@RepVanTaylor;@repvantaylor;x
New York 22nd District;U.S. Representative;Tenney, Claudia;R;@claudiatenney;@claudiatenney;x
Montana;U.S. Senator;Tester, Jon;D;@SenatorTester;@senatorjontester;x
Mississippi 2nd District;U.S. Representative;Thompson, Bennie G.;D;@BennieGThompson;@benniegthompson;x
Pennsylvania 15th District;U.S. Representative;Thompson, Glenn;R;@CongressmanGT;@congressman_gt;x
California 5th District;U.S. Representative;Thompson, Mike;D;@RepThompson;@repmikethompson;x
South Dakota;U.S. Senator;Thune, John;R;@SenJohnThune;@senjohnthune;x
Wisconsin 7th District;U.S. Representative;Tiffany, Thomas;R;@TomTiffanyWI;;x
North Carolina;U.S. Senator;Tillis, Thom;R;@SenThomTillis;@senthomtillis;x
South Carolina 4th District;U.S. Representative;Timmons, William;R;@RepTimmons;@reptimmons;x
Nevada 1st District;U.S. Representative;Titus, Dina;D;@repdinatitus;@dinatitusnv;x
Michigan 13th District;U.S. Representative;Tlaib, Rashida;D;@RepRashida;@rashidatlaib;x
New York 20th District;U.S. Representative;Tonko, Paul D.;D;@RepPaulTonko;@reppaultonko;x
Pennsylvania;U.S. Senator;Toomey, Patrick;R;@SenToomey;@senpattoomey;x
California 35th District;U.S. Representative;Torres, Norma;D;@NormaJTorres;@repnormatorres;x
New York 15th District;U.S. Representative;Torres, Ritchie;D;@RitchieTorres;@ritchietorresny15;x
Massachusetts 3rd District;U.S. Representative;Trahan, Lori;D;@RepLoriTrahan;@reploritrahan;x
Maryland 6th District;U.S. Representative;Trone, David;D;@RepDavidTrone;@davidjtrone;x
Alabama;U.S. Senator;Tuberville, Tommy;R;@Ttuberville;@sentuberville;x
Ohio 10th District;U.S. Representative;Turner, Michael;R;@RepMikeTurner;@repmiketurner;x
Illinois 14th District;U.S. Representative;Underwood, Lauren;D;@RepUnderwood;@repunderwood;x
Michigan 6th District;U.S. Representative;Upton, Fred;R;@RepFredUpton;@repfredupton;x
California 22nd District;U.S. Representative;Vacant;;;;
California 21st District;U.S. Representative;Valadao, David;R;@RepDavidValadao;@repdavidvaladao;x
New Jersey 2nd District;U.S. Representative;Van Drew, Jefferson;D;@JeffVanDrew;@jeffvandrew;x
Texas 24th District;U.S. Representative;Van Duyne, Beth;R;@Bethvanduyne;@bethvanduynetx;x
Maryland;U.S. Senator;Van Hollen, Chris;D;@ChrisVanHollen;@chrisvanhollen;x
California 51st District;U.S. Representative;Vargas, Juan;D;@RepJuanVargas;@repjuanvargas;x
Texas 33rd District;U.S. Representative;Veasey, Marc;D;@RepVeasey;@repveasey;x
Texas 34th District;U.S. Representative;Vela, Filemon;D;@RepFilemonVela;@repfilemonvela;x
New York 7th District;U.S. Representative;Velázquez, Nydia M.;D;@NydiaVelazquez;@rep_velazquez;x
Missouri 2nd District;U.S. Representative;Wagner, Ann;R;@RepAnnWagner;@repannwagner;x
Michigan 7th District;U.S. Representative;Walberg, Tim;R;@RepWalberg;@repwalberg;x
Indiana 2nd District;U.S. Representative;Walorski, Jackie;R;@RepWalorski;@jackiewalorski;x
Florida 6th District;U.S. Representative;Waltz, Michael;R;@RepMichaelWaltz;@repmichaelwaltz;x
Virginia;U.S. Senator;Warner, Mark;D;@MarkWarner;@senatorwarner;x
Georgia;U.S. Senator;Warnock, Raphael;D;@ReverendWarnock;@raphaelwarnock;x
Massachusetts;U.S. Senator;Warren, Elizabeth;D;@SenWarren;@elizabethwarren;x
Florida 23rd District;U.S. Representative;Wasserman Schultz, Debbie;D;@RepDWStweets;@repdws;x
California 43rd District;U.S. Representative;Waters, Maxine;D;@MaxineWaters;@repmaxinewaters;x
New Jersey 12th District;U.S. Representative;Watson Coleman, Bonnie;D;@RepBonnie;@RepBonnie;x
Texas 14th District;U.S. Representative;Weber, Randy;R;@TXRandy14;@txrandy14;x
Florida 11th District;U.S. Representative;Webster, Daniel;R;@RepWebster;@websterforcongress;x
Vermont At-Large;U.S. Representative;Welch, Peter;D;@PeterWelch;@reppeterwelch;x
Ohio 2nd District;U.S. Representative;Wenstrup, Brad;R;@RepBradWenstrup;@repbradwenstrup;x
Arkansas 4th District;U.S. Representative;Westerman, Bruce;R;@RepWesterman;@repwesterman;x
Virginia 10th District;U.S. Representative;Wexton, Jennifer;D;@RepWexton;@repwexton;x
Rhode Island;U.S. Senator;Whitehouse, Sheldon;D;@SenWhitehouse;@senwhitehouse;x
Mississippi;U.S. Senator;Wicker, Roger;R;@SenatorWicker;@senatorwicker;x
Pennsylvania 7th District;U.S. Representative;Wild, Susan;D;@RepSusanWild;@repsusanwild;x
Georgia 5th District;U.S. Representative;Williams, Nikema;D;@NikemaWilliams;@nikemaforcongress;x
Texas 25th District;U.S. Representative;Williams, Roger;R;@RepRWilliams;;x
Florida 24th District;U.S. Representative;Wilson, Frederica;D;@RepWilson;@repwilson;x
South Carolina 2nd District;U.S. Representative;Wilson, Joe;R;@RepJoeWilson;@repjoewilson;x
Virginia 1st District;U.S. Representative;Wittman, Robert J.;R;@RobWittman;@reprobwittman;x
Arkansas 3rd District;U.S. Representative;Womack, Steve;R;@rep_stevewomack;@rep_stevewomack;x
Oregon;U.S. Senator;Wyden, Ron;D;@RonWyden;@ronwyden;x
Kentucky 3rd District;U.S. Representative;Yarmuth, John A.;D;@RepJohnYarmuth;;x
Alaska At-Large;U.S. Representative;Young, Don;R;@RepDonYoung;@repdonyoung;x
Indiana;U.S. Senator;Young, Todd;R;@SenToddYoung;@sentoddyoung;x
New York 1st District;U.S. Representative;Zeldin, Lee;R;@RepLeeZeldin;@leezeldin;x
